,DATE,SENTIMENT,IMPACT_SCORE
0,2021/4/20,neutral,0.23036161
1,2021/7/21,negative,-0.966565
2,2021/7/15,negative,-0.94578016
3,2021/7/21,neutral,-0.44982916
4,2021/7/26,positive,0.8591056
5,2021/9/1,neutral,0.39710668
6,2021/8/30,negative,-0.96839494
7,2021/9/29,neutral,0.44218597
8,2021/10/4,neutral,-0.13607156
9,2021/9/7,positive,0.9256435
10,2021/9/14,positive,0.48849124
11,2021/10/15,negative,-0.95602155
12,2021/11/3,positive,0.87690794
13,2021/12/2,neutral,0.21174565
14,2021/12/3,negative,-0.60312897
15,2021/12/7,negative,-0.019203812
16,2021/1/19,neutral,0.22609651
17,2021/1/21,neutral,0.07035702
18,2021/1/6,neutral,0.046830874
19,2021/1/14,positive,0.48631805
20,2021/1/21,positive,0.61313957
21,2021/1/19,positive,0.8764317
22,2021/1/20,neutral,0.08314864
23,2021/1/24,neutral,0.22071318
24,2021/1/20,positive,0.52358824
25,2021/1/19,positive,0.89807504
26,2021/1/20,positive,0.8948459
27,2021/2/26,positive,0.8569793
28,2021/2/9,neutral,0.053949848
29,2021/2/24,neutral,0.020195426
30,2021/2/26,neutral,0.18561804
31,2021/2/17,neutral,-0.1568634
32,2021/3/11,negative,-0.85959935
33,2021/3/12,neutral,-0.15877031
34,2021/4/20,negative,-0.9684074
35,2021/4/8,neutral,0.25257295
36,2021/4/28,neutral,0.049976625
37,2021/4/13,neutral,0.21206488
38,2021/4/27,positive,0.91764337
39,2021/4/22,positive,0.85406506
40,2021/4/19,positive,0.88746256
41,2021/4/26,positive,0.5350177
42,2021/4/24,neutral,0.3583404
43,2021/4/25,neutral,0.29613104
44,2021/5/26,negative,-0.8899772
45,2021/5/21,positive,0.76487577
46,2021/5/13,negative,-0.70708036
47,2021/5/24,positive,0.8859026
48,2021/6/21,positive,0.81865454
49,2021/7/21,neutral,0.035157565
50,2021/7/14,neutral,0.17525436
51,2021/7/28,neutral,-0.14059027
52,2021/7/21,positive,0.91124576
53,2021/7/28,positive,0.9258252
54,2021/7/20,negative,-0.9640409
55,2021/7/15,neutral,0.008108626
56,2021/7/21,negative,-0.93463606
57,2021/7/16,negative,-0.9321044
58,2021/9/2,positive,0.9290796
59,2021/8/10,negative,-0.8846572
60,2021/8/30,neutral,0.14270586
61,2021/8/19,positive,0.6028187
62,2021/9/3,positive,0.9264478
63,2021/9/3,neutral,-0.019586679
64,2021/8/31,neutral,0.035434667
65,2021/10/1,negative,-0.35103986
66,2021/9/22,positive,0.72388566
67,2021/9/27,neutral,0.17533506
68,2021/10/7,positive,0.9251802
69,2021/9/8,positive,0.84363335
70,2021/9/7,neutral,0.040262513
71,2021/10/5,neutral,0.26273218
72,2021/9/7,neutral,0.0898105
73,2021/10/7,positive,0.6022044
74,2021/9/20,neutral,-0.19083856
75,2021/9/29,positive,0.9376842
76,2021/9/29,positive,0.9250386
77,2021/9/26,neutral,0.40002644
78,2021/10/19,negative,-0.9578499
79,2021/10/13,neutral,0.14775667
80,2021/10/19,neutral,-0.26400113
81,2021/10/15,negative,-0.9101865
82,2021/11/2,neutral,0.03417002
83,2021/10/7,positive,0.9251802
84,2021/10/19,negative,-0.53203326
85,2021/10/18,neutral,-0.03277675
86,2021/10/7,positive,0.6022044
87,2021/10/20,negative,-0.9567613
88,2021/10/19,neutral,-0.19488224
89,2021/10/19,neutral,-0.002997704
90,2021/11/9,neutral,0.09356723
91,2021/11/22,negative,-0.80229056
92,2021/11/18,neutral,0.0311747
93,2021/11/10,positive,0.9140929
94,2021/11/21,positive,0.5887841
95,2021/12/7,negative,-0.90941685
96,2021/12/17,negative,-0.96537113
97,2021/12/31,positive,0.6638187
98,2021/12/12,neutral,0.33249003
99,2021/12/23,negative,-0.93968076
100,2021/1/20,positive,0.5574673
101,2021/1/24,neutral,0.06094168
102,2021/1/19,neutral,0.38580087
103,2021/1/13,positive,0.8223935
104,2021/1/29,positive,0.8828663
105,2021/1/8,positive,0.5481866
106,2021/1/5,neutral,0.062181268
107,2021/1/30,neutral,0.15715663
108,2021/1/14,neutral,0.052672036
109,2021/1/23,neutral,0.06848574
110,2021/1/21,neutral,0.067766346
111,2021/1/3,neutral,0.049668178
112,2021/1/13,neutral,0.3864687
113,2021/1/27,neutral,0.10337419
114,2021/1/22,neutral,0.08276785
115,2021/1/23,neutral,0.05350729
116,2021/1/6,neutral,0.2765202
117,2021/1/18,neutral,-0.16527416
118,2021/1/29,neutral,0.11128506
119,2021/2/1,neutral,0.09411174
120,2021/1/27,neutral,0.2511021
121,2021/2/1,positive,0.47738996
122,2021/1/4,neutral,0.012952701
123,2021/1/11,neutral,0.18322358
124,2021/1/4,positive,0.7962702
125,2021/1/29,neutral,0.05706182
126,2021/1/5,neutral,0.060848728
127,2021/1/25,positive,0.88499016
128,2021/1/9,neutral,0.115270846
129,2021/1/24,neutral,0.08904232
130,2021/1/24,neutral,0.34415329
131,2021/1/9,positive,0.50016916
132,2021/1/9,positive,0.8396893
133,2021/1/26,neutral,-0.04311522
134,2021/1/3,neutral,0.07217237
135,2021/1/23,neutral,0.11058443
136,2021/1/10,neutral,0.27541775
137,2021/1/21,neutral,-0.046627957
138,2021/2/1,neutral,-0.0005411096
139,2021/1/30,neutral,0.06623318
140,2021/1/22,negative,-0.96460384
141,2021/1/19,positive,0.6206667
142,2021/1/5,neutral,0.27309158
143,2021/2/28,neutral,0.0068003945
144,2021/2/17,neutral,0.0817115
145,2021/2/26,neutral,-0.016825335
146,2021/2/20,neutral,0.13038263
147,2021/3/4,positive,0.7676528
148,2021/2/21,neutral,-0.13278824
149,2021/2/16,neutral,0.07653964
150,2021/2/25,neutral,-0.4050902
151,2021/2/4,neutral,0.23515019
152,2021/2/22,neutral,0.0066786297
153,2021/2/1,neutral,0.09411174
154,2021/2/1,positive,0.47738996
155,2021/2/27,neutral,0.02473476
156,2021/2/13,neutral,-0.008397859
157,2021/2/28,neutral,0.018085033
158,2021/2/26,neutral,0.29395562
159,2021/2/7,neutral,0.0415961
160,2021/2/13,neutral,-0.01837682
161,2021/2/12,neutral,0.12735309
162,2021/2/23,neutral,0.05451891
163,2021/2/10,neutral,0.3075622
164,2021/2/19,neutral,-0.038740367
165,2021/2/20,neutral,0.05714403
166,2021/2/1,neutral,-0.0005411096
167,2021/2/8,neutral,0.17241275
168,2021/4/2,neutral,0.037959196
169,2021/3/27,neutral,0.029284744
170,2021/3/16,neutral,-0.18199936
171,2021/3/31,neutral,0.363332
172,2021/3/13,neutral,0.13352016
173,2021/3/25,neutral,-0.31461966
174,2021/3/4,positive,0.7676528
175,2021/3/23,neutral,0.07690048
176,2021/3/13,neutral,0.3116212
177,2021/3/13,neutral,0.15556219
178,2021/4/1,positive,0.91090035
179,2021/3/29,neutral,0.025705181
180,2021/3/22,negative,-0.9090255
181,2021/3/30,neutral,0.024282023
182,2021/3/20,neutral,0.12421702
183,2021/3/6,neutral,0.14409661
184,2021/3/16,neutral,0.083178796
185,2021/3/26,neutral,0.027667748
186,2021/4/4,negative,-0.775465
187,2021/3/26,neutral,0.3251639
188,2021/3/20,neutral,0.361536
189,2021/4/4,neutral,0.42831552
190,2021/3/18,neutral,0.38617334
191,2021/4/3,neutral,0.055735286
192,2021/3/25,neutral,0.19035374
193,2021/3/5,neutral,0.089362
194,2021/4/2,neutral,0.08230892
195,2021/3/20,neutral,-0.12655288
196,2021/3/6,neutral,-0.0012805536
197,2021/4/3,neutral,0.07878217
198,2021/4/20,negative,-0.55068016
199,2021/4/8,neutral,0.1456423
200,2021/4/22,neutral,0.33971813
201,2021/4/7,negative,-0.79074943
202,2021/4/6,neutral,0.11636074
203,2021/5/1,neutral,0.02216547
204,2021/4/22,neutral,0.3691832
205,2021/5/5,neutral,-0.00087236054
206,2021/4/19,neutral,0.14119798
207,2021/4/12,neutral,0.013296528
208,2021/4/27,neutral,0.028894305
209,2021/4/14,neutral,0.0366086
210,2021/4/24,neutral,0.4600348
211,2021/5/1,neutral,0.029879088
212,2021/4/9,positive,0.939979
213,2021/4/24,neutral,0.0074908845
214,2021/4/15,neutral,0.2094508
215,2021/5/1,neutral,-0.03476092
216,2021/4/23,neutral,0.044033498
217,2021/4/29,positive,0.9183339
218,2021/4/27,negative,-0.9663732
219,2021/5/1,neutral,-0.14812133
220,2021/4/4,negative,-0.775465
221,2021/4/20,neutral,0.020233726
222,2021/4/4,neutral,0.42831552
223,2021/4/17,neutral,0.02087066
224,2021/4/14,neutral,-0.114901006
225,2021/4/22,neutral,0.098616935
226,2021/4/18,positive,0.7008779
227,2021/5/9,neutral,-0.01558014
228,2021/6/3,neutral,0.34164983
229,2021/6/5,neutral,0.084237754
230,2021/5/13,neutral,0.044465404
231,2021/5/22,neutral,-0.12194168
232,2021/6/3,positive,0.913169
233,2021/5/29,neutral,0.09300463
234,2021/5/22,neutral,0.025188077
235,2021/5/14,neutral,0.105999835
236,2021/5/24,negative,-0.8966194
237,2021/5/10,negative,-0.9556537
238,2021/5/24,neutral,0.035645068
239,2021/5/8,positive,0.9071935
240,2021/5/5,neutral,-0.00087236054
241,2021/5/15,neutral,0.038643714
242,2021/5/7,neutral,0.42579788
243,2021/6/2,neutral,0.053292006
244,2021/5/15,neutral,0.015255317
245,2021/6/4,neutral,0.010752186
246,2021/5/18,neutral,0.03355765
247,2021/6/5,neutral,0.033136733
248,2021/5/19,neutral,0.12889998
249,2021/5/29,neutral,0.107978895
250,2021/6/5,positive,0.63626516
251,2021/5/8,negative,-0.9399041
252,2021/5/29,neutral,-0.14095987
253,2021/5/9,neutral,0.106921025
254,2021/5/28,positive,0.3931723
255,2021/5/17,neutral,0.2041409
256,2021/5/8,neutral,0.13973154
257,2021/5/24,neutral,0.05215574
258,2021/6/5,positive,0.47556263
259,2021/6/3,neutral,0.08634822
260,2021/5/14,positive,0.018724322
261,2021/5/7,neutral,0.24352118
262,2021/5/15,negative,-0.9414862
263,2021/5/14,neutral,0.17843625
264,2021/5/17,neutral,-0.012787306
265,2021/5/21,positive,0.882663
266,2021/5/24,neutral,0.21713442
267,2021/6/11,neutral,0.2696909
268,2021/6/5,neutral,0.084237754
269,2021/7/4,neutral,0.16983631
270,2021/7/2,neutral,0.10939837
271,2021/6/21,positive,0.86510843
272,2021/7/2,neutral,0.11888318
273,2021/6/22,neutral,0.019850649
274,2021/7/5,neutral,0.16948347
275,2021/6/19,neutral,0.124924764
276,2021/6/6,neutral,0.2000007
277,2021/6/20,neutral,0.060852055
278,2021/6/17,neutral,0.057017207
279,2021/6/12,neutral,-0.11141875
280,2021/7/5,neutral,0.36977857
281,2021/6/5,neutral,0.033136733
282,2021/6/9,positive,0.5055232
283,2021/6/5,positive,0.63626516
284,2021/7/1,neutral,0.09348121
285,2021/6/25,neutral,0.07537629
286,2021/7/5,positive,0.5844826
287,2021/6/25,neutral,0.1753266
288,2021/6/28,neutral,-0.002955351
289,2021/6/27,neutral,-0.03473516
290,2021/6/24,neutral,0.44593522
291,2021/6/5,positive,0.47556263
292,2021/6/24,neutral,0.10896874
293,2021/6/9,neutral,0.19123575
294,2021/6/7,positive,0.9017471
295,2021/6/11,neutral,0.018753836
296,2021/6/14,neutral,0.13525054
297,2021/6/18,neutral,-0.11229565
298,2021/7/20,positive,0.7122484
299,2021/7/15,neutral,0.0945912
300,2021/7/20,neutral,0.06550415
301,2021/7/10,neutral,0.08319782
302,2021/7/28,neutral,-0.17197879
303,2021/7/24,positive,0.5696398
304,2021/7/23,neutral,0.10024774
305,2021/7/14,neutral,0.1012436
306,2021/7/19,negative,-0.93333596
307,2021/8/5,positive,0.9076391
308,2021/7/17,neutral,0.08354279
309,2021/8/4,negative,-0.8456288
310,2021/7/12,positive,0.76597285
311,2021/7/15,neutral,0.030645635
312,2021/7/16,negative,-0.88209903
313,2021/7/13,neutral,0.0028309824
314,2021/7/8,neutral,0.050930776
315,2021/7/14,positive,0.8024404
316,2021/7/26,neutral,-0.0057024322
317,2021/7/10,neutral,0.11821637
318,2021/7/29,negative,-0.93675625
319,2021/7/9,neutral,0.010535662
320,2021/7/18,neutral,-0.22197108
321,2021/7/21,neutral,0.010554066
322,2021/7/10,neutral,-0.04019029
323,2021/7/9,neutral,0.04855964
324,2021/7/15,positive,0.912419
325,2021/7/30,neutral,0.031472918
326,2021/7/15,neutral,0.04357637
327,2021/8/5,neutral,-0.17977062
328,2021/7/19,neutral,0.0013611801
329,2021/7/8,neutral,0.040429786
330,2021/8/1,neutral,0.027450081
331,2021/7/11,neutral,0.054835964
332,2021/8/2,neutral,0.21136856
333,2021/7/27,neutral,0.03799988
334,2021/7/15,neutral,0.03131414
335,2021/7/31,neutral,0.012982091
336,2021/7/17,neutral,0.4216774
337,2021/8/4,neutral,0.07541639
338,2021/7/29,neutral,-0.00035947564
339,2021/8/13,neutral,-0.0014783518
340,2021/8/21,neutral,0.16557102
341,2021/8/28,negative,-0.65662277
342,2021/8/26,neutral,-0.044441976
343,2021/8/30,neutral,0.03262871
344,2021/8/30,neutral,0.052006643
345,2021/8/24,negative,-0.8697638
346,2021/8/10,neutral,0.077309914
347,2021/8/20,neutral,0.03578583
348,2021/8/28,neutral,-0.06514403
349,2021/9/1,neutral,-0.0053835064
350,2021/8/15,neutral,0.2681098
351,2021/8/31,neutral,0.17255329
352,2021/9/1,neutral,0.059549596
353,2021/8/25,negative,-0.7879012
354,2021/8/20,neutral,0.10044145
355,2021/9/2,neutral,0.13946307
356,2021/8/14,neutral,0.04716835
357,2021/8/7,positive,0.8406053
358,2021/8/31,neutral,0.004099421
359,2021/9/6,neutral,-0.014460303
360,2021/8/14,neutral,0.10868237
361,2021/8/15,neutral,0.10062654
362,2021/8/28,neutral,-0.009375805
363,2021/8/18,neutral,0.07841892
364,2021/8/22,positive,0.64540976
365,2021/8/31,neutral,0.008933473
366,2021/9/3,neutral,-0.013930667
367,2021/8/9,neutral,0.097472325
368,2021/10/6,neutral,0.10837979
369,2021/9/28,neutral,0.014468294
370,2021/9/22,neutral,0.1051722
371,2021/10/1,neutral,0.43853518
372,2021/9/23,neutral,0.12406218
373,2021/9/16,negative,-0.8989497
374,2021/9/19,neutral,0.039870486
375,2021/9/19,neutral,0.072603375
376,2021/9/28,positive,0.51134896
377,2021/9/8,negative,-0.5191087
378,2021/9/21,neutral,0.38302392
379,2021/9/23,neutral,0.18186368
380,2021/10/6,neutral,0.23063311
381,2021/9/20,positive,0.91525656
382,2021/9/12,negative,-0.4387935
383,2021/9/20,negative,-0.88621664
384,2021/10/5,positive,0.9244676
385,2021/9/29,neutral,0.043763094
386,2021/9/16,neutral,-0.00080383575
387,2021/9/6,neutral,-0.014460303
388,2021/10/6,neutral,0.21386288
389,2021/9/9,neutral,0.009606856
390,2021/9/24,neutral,0.058602467
391,2021/9/9,neutral,0.43731302
392,2021/9/26,positive,0.67565334
393,2021/9/27,neutral,0.20489123
394,2021/9/14,neutral,0.031459406
395,2021/9/13,negative,-0.8966156
396,2021/9/19,neutral,0.37367553
397,2021/9/23,negative,-0.953476
398,2021/9/14,neutral,0.092684895
399,2021/10/13,neutral,0.27465612
400,2021/10/19,negative,-0.72189415
401,2021/10/18,negative,-0.45848697
402,2021/10/9,neutral,0.0067661447
403,2021/10/20,negative,-0.90694594
404,2021/10/11,negative,-0.9493635
405,2021/10/22,negative,-0.94220215
406,2021/10/30,neutral,0.26000986
407,2021/10/23,neutral,0.14054684
408,2021/11/3,positive,0.5212961
409,2021/10/31,negative,-0.6465611
410,2021/10/28,positive,0.8448059
411,2021/11/7,neutral,0.06902872
412,2021/10/17,neutral,0.07303865
413,2021/10/27,neutral,0.46587175
414,2021/10/13,neutral,0.07733921
415,2021/11/5,neutral,0.05328469
416,2021/10/14,neutral,0.15650395
417,2021/10/26,neutral,0.19303143
418,2021/10/25,positive,0.5882106
419,2021/11/6,neutral,0.101447105
420,2021/10/27,positive,0.5179316
421,2021/10/9,neutral,-0.15935682
422,2021/10/9,neutral,0.14451389
423,2021/10/17,positive,0.7506577
424,2021/10/15,neutral,0.00047203898
425,2021/11/4,neutral,-0.15928125
426,2021/10/14,neutral,0.047537267
427,2021/10/19,neutral,-0.12968855
428,2021/10/15,neutral,0.037274636
429,2021/10/11,neutral,0.030117929
430,2021/10/24,neutral,0.21935289
431,2021/10/23,neutral,-0.23274508
432,2021/10/13,neutral,0.05315028
433,2021/11/26,neutral,0.43876395
434,2021/11/20,neutral,-0.05738385
435,2021/11/23,negative,-0.9218171
436,2021/11/21,neutral,0.0050215907
437,2021/11/27,neutral,0.3617401
438,2021/11/14,positive,0.7935859
439,2021/12/3,neutral,0.10002963
440,2021/11/19,negative,-0.9119717
441,2021/11/9,negative,-0.74533826
442,2021/12/1,neutral,0.0072376244
443,2021/11/27,positive,0.72972226
444,2021/11/29,neutral,0.051029492
445,2021/11/21,positive,0.89587307
446,2021/12/7,neutral,0.13215259
447,2021/11/10,neutral,0.01570239
448,2021/11/10,neutral,0.08791493
449,2021/12/1,negative,-0.9246464
450,2021/11/18,negative,-0.5601627
451,2021/11/21,negative,-0.8688579
452,2021/11/19,positive,0.60172457
453,2021/12/7,positive,0.85584986
454,2021/12/5,neutral,0.037274636
455,2021/12/3,positive,0.89219105
456,2021/11/16,positive,0.914152
457,2021/11/8,positive,0.5299863
458,2021/11/12,positive,0.78883445
459,2021/11/26,neutral,0.23551102
460,2021/11/17,neutral,0.08127483
461,2021/11/13,neutral,0.055999447
462,2021/11/8,neutral,-0.00290831
463,2021/11/21,neutral,0.11363084
464,2021/11/11,neutral,0.026116151
465,2021/11/20,neutral,0.06691036
466,2021/11/16,positive,0.6334466
467,2021/11/19,neutral,0.037274636
468,2021/11/25,positive,0.39220044
469,2021/11/10,neutral,-0.07853045
470,2021/12/28,positive,0.9281067
471,2021/12/11,neutral,0.07051084
472,2022/1/2,neutral,0.096699566
473,2021/12/29,positive,0.56587946
474,2021/12/16,neutral,0.08362779
475,2021/12/17,positive,0.88010746
476,2021/12/26,positive,0.3849356
477,2021/12/21,neutral,0.030003984
478,2021/12/9,neutral,0.028646547
479,2022/1/4,neutral,-0.34943423
480,2022/1/1,neutral,0.037508804
481,2022/1/5,neutral,-0.08440558
482,2021/12/11,neutral,0.037274636
483,2022/1/1,positive,0.55401
484,2021/12/21,positive,0.43363577
485,2021/12/15,neutral,-0.06636673
486,2021/12/29,positive,0.918675
487,2022/1/6,negative,-0.79203546
488,2021/12/14,negative,-0.95928395
489,2021/12/29,positive,0.8938563
490,2021/12/13,neutral,0.37242264
491,2022/1/7,positive,0.6361644
492,2022/1/8,neutral,0.032118317
493,2021/12/18,positive,0.48988178
494,2021/12/26,neutral,0.39092782
495,2021/12/16,negative,-0.82210183
496,2021/12/10,neutral,0.014086384
497,2021/12/31,neutral,-0.0012346059
498,2021/12/31,neutral,0.042069994
499,2021/12/28,neutral,0.015765484
500,2022/1/8,neutral,0.16444153
501,2021/12/27,positive,0.8195272
502,2021/12/12,neutral,0.009665687
503,2021/12/27,neutral,-0.026770903
504,2021/12/30,positive,0.8854471
505,2021/1/4,positive,0.76901644
506,2021/1/4,neutral,0.06431423
507,2021/1/7,neutral,0.06814175
508,2021/1/10,neutral,0.04225521
509,2021/1/12,positive,0.73428464
510,2021/1/12,neutral,0.07568879
511,2021/1/13,neutral,0.11707542
512,2021/1/13,neutral,0.19458684
513,2021/1/13,positive,0.8843516
514,2021/1/16,neutral,-0.0051439833
515,2021/1/18,neutral,0.110905215
516,2021/1/19,negative,-0.8187095
517,2021/1/19,neutral,0.13180314
518,2021/1/19,neutral,0.10177083
519,2021/1/19,positive,0.69419
520,2021/1/19,positive,0.54679424
521,2021/1/21,negative,-0.75998956
522,2021/1/21,neutral,0.23350571
523,2021/1/22,neutral,0.12706026
524,2021/1/24,neutral,0.033490244
525,2021/1/24,neutral,0.042955674
526,2021/1/25,neutral,0.055555575
527,2021/1/25,neutral,0.014818106
528,2021/1/27,positive,0.8383821
529,2021/1/29,positive,0.89734745
530,2021/1/29,positive,0.48701242
531,2021/1/31,neutral,-0.43337
532,2021/1/31,neutral,0.028997278
533,2021/1/31,neutral,0.03562783
534,2021/2/2,neutral,0.027390355
535,2021/2/2,neutral,0.05331206
536,2021/4/21,neutral,-0.011793945
537,2021/2/4,positive,0.9325327
538,2021/5/27,neutral,0.051145986
539,2021/2/5,neutral,0.16386291
540,2021/2/6,neutral,0.043744903
541,2021/2/7,positive,0.8744478
542,2021/6/21,positive,0.89655507
543,2021/2/7,positive,0.5877338
544,2021/2/9,positive,0.7139455
545,2021/2/10,neutral,0.11997743
546,2021/2/12,negative,-0.80502075
547,2021/2/14,neutral,0.117259815
548,2021/2/14,negative,-0.5396813
549,2021/2/14,neutral,0.11686041
550,2021/2/15,neutral,0.020928018
551,2021/2/15,neutral,0.03169133
552,2021/2/16,positive,0.871275
553,2021/2/19,neutral,0.021955151
554,2021/2/21,neutral,0.07772898
555,2021/2/24,neutral,0.105647594
556,2021/2/24,positive,0.87599
557,2021/2/25,positive,0.9280287
558,2021/2/26,neutral,-0.10581823
559,2021/2/26,neutral,0.06107025
560,2021/2/26,neutral,0.020187803
561,2021/2/28,neutral,0.21536049
562,2021/3/3,positive,0.559377
563,2021/3/3,positive,0.7821443
564,2021/3/8,neutral,0.016848799
565,2021/3/11,neutral,0.03673808
566,2021/3/12,positive,0.5038934
567,2021/9/30,neutral,0.071135186
568,2021/3/14,neutral,0.024751633
569,2021/3/15,positive,0.6425633
570,2021/3/15,negative,-0.8826411
571,2021/3/16,neutral,0.19488066
572,2021/3/18,neutral,-0.086469196
573,2021/3/21,positive,0.80037093
574,2021/3/26,positive,0.9189216
575,2021/3/26,negative,-0.88253295
576,2021/3/26,negative,-0.64675176
577,2021/3/26,negative,-0.9370218
578,2021/3/28,positive,0.43284798
579,2021/3/31,positive,0.80766755
580,2021/3/31,negative,-0.7838623
581,2021/3/31,positive,0.8002032
582,2021/4/1,neutral,0.045838807
583,2021/4/2,neutral,0.045493573
584,2021/4/4,positive,0.77414817
585,2021/4/4,positive,0.77414817
586,2021/4/5,positive,0.7825499
587,2021/10/11,neutral,0.19040741
588,2021/4/6,negative,-0.7571617
589,2021/4/6,positive,0.85928154
590,2021/4/8,positive,0.91919667
591,2021/4/8,neutral,-0.16434939
592,2021/4/9,neutral,0.081161484
593,2021/4/11,neutral,-0.039589286
594,2021/4/13,negative,-0.6464165
595,2021/4/13,neutral,0.057516847
596,2021/4/16,neutral,0.003913151
597,2021/4/18,neutral,0.019063573
598,2021/4/18,neutral,0.009022755
599,2021/4/19,positive,0.12593308
600,2021/4/20,negative,-0.48822874
601,2021/4/20,negative,-0.9622051
602,2021/4/20,neutral,0.021716276
603,2021/4/21,negative,-0.9629485
604,2021/4/21,neutral,0.040099386
605,2021/1/20,positive,0.8525973
606,2021/2/25,positive,0.5540215
607,2021/2/4,negative,-0.7349837
608,2021/4/22,positive,0.91371197
609,2021/3/11,neutral,-0.06189504
610,2021/3/11,negative,-0.89509696
611,2021/3/23,negative,-0.83122057
612,2021/4/22,negative,-0.5073169
613,2021/4/23,positive,0.9338605
614,2021/4/23,positive,0.63867754
615,2021/4/23,neutral,0.09985683
616,2021/4/23,neutral,0.079653285
617,2021/4/23,neutral,0.046053942
618,2021/4/25,negative,-0.89585906
619,2021/4/27,neutral,0.09911774
620,2021/4/27,neutral,0.40628454
621,2021/4/28,neutral,0.0407559
622,2021/4/30,neutral,-0.41805252
623,2021/4/30,neutral,0.022425996
624,2021/5/2,neutral,0.32738706
625,2021/5/3,neutral,0.41488126
626,2021/5/4,neutral,0.096946046
627,2021/5/7,neutral,0.008372996
628,2021/5/7,negative,-0.7573103
629,2021/5/10,neutral,0.084555775
630,2021/5/12,neutral,0.0707015
631,2021/5/14,neutral,0.110047154
632,2021/5/17,neutral,-0.05544567
633,2021/5/18,negative,-0.9606473
634,2021/5/19,neutral,0.124583684
635,2021/5/20,neutral,0.11370671
636,2021/5/20,neutral,0.012583166
637,2021/5/21,neutral,0.13904196
638,2021/5/21,positive,0.7727975
639,2021/5/21,positive,0.4899564
640,2021/5/21,neutral,0.09096891
641,2021/5/22,neutral,0.110487245
642,2021/5/23,neutral,-0.032326594
643,2021/5/26,negative,-0.8249587
644,2021/5/30,positive,0.823869
645,2021/6/4,neutral,0.34463486
646,2021/6/7,positive,0.93360466
647,2021/6/8,neutral,0.046300955
648,2021/6/9,neutral,0.31969276
649,2021/6/10,neutral,0.20953329
650,2021/6/10,neutral,0.13542373
651,2021/6/10,neutral,0.09706296
652,2021/6/11,positive,0.8542201
653,2021/6/11,neutral,0.07050903
654,2021/6/13,neutral,0.42875126
655,2021/10/20,neutral,-0.29940024
656,2021/6/13,neutral,0.037641168
657,2021/6/18,neutral,0.38624486
658,2021/6/20,neutral,-0.06609097
659,2021/6/21,negative,-0.7983316
660,2021/6/22,neutral,0.051031463
661,2021/6/22,neutral,-0.25314754
662,2021/6/23,neutral,0.100697964
663,2021/6/23,neutral,-0.04015909
664,2021/6/28,negative,-0.8455487
665,2021/6/28,neutral,0.090488404
666,2021/1/6,positive,0.8693567
667,2021/1/20,neutral,0.056123063
668,2021/1/20,neutral,-0.049876325
669,2021/1/31,neutral,0.012535948
670,2021/1/13,neutral,-0.09820152
671,2021/1/27,neutral,0.10645659
672,2021/2/25,positive,0.85465294
673,2021/2/1,neutral,0.1846428
674,2021/3/18,positive,0.6744702
675,2021/4/22,positive,0.71381795
676,2021/4/23,neutral,0.29243818
677,2021/5/15,neutral,-0.023494732
678,2021/5/21,neutral,0.07966666
679,2021/6/21,neutral,0.0816458
680,2021/6/16,neutral,0.014306427
681,2021/7/9,neutral,-0.0135261305
682,2021/8/19,negative,-0.72536176
683,2021/8/24,neutral,-0.03588273
684,2021/9/2,negative,-0.71059215
685,2021/9/6,neutral,0.024203762
686,2021/8/19,neutral,0.25588542
687,2021/10/6,neutral,0.016387932
688,2021/9/6,neutral,0.024203762
689,2021/10/19,negative,-0.9369061
690,2021/10/19,positive,0.9322986
691,2021/10/13,negative,-0.9582936
692,2021/10/29,neutral,0.052026413
693,2021/11/13,neutral,0.45188686
694,2021/11/14,neutral,0.04237987
695,2022/1/6,neutral,0.34685227
696,2021/12/16,negative,-0.92536587
697,2021/1/20,negative,-0.5607214
698,2021/1/13,positive,0.90161276
699,2021/1/22,positive,0.6509851
700,2021/1/17,neutral,0.04529527
701,2021/1/24,positive,0.9307439
702,2021/1/1,neutral,0.06594014
703,2021/2/3,neutral,0.076681145
704,2021/2/18,positive,0.83786374
705,2021/2/2,positive,0.60639143
706,2021/3/3,neutral,0.30549973
707,2021/2/18,positive,0.80839914
708,2021/2/19,positive,0.88203627
709,2021/3/24,neutral,-0.2653942
710,2021/3/16,neutral,0.32993656
711,2021/3/23,negative,-0.9535234
712,2021/3/18,neutral,0.11591037
713,2021/3/26,neutral,0.35516655
714,2021/4/1,neutral,0.3713724
715,2021/4/21,negative,-0.96025616
716,2021/4/25,neutral,0.060076967
717,2021/4/25,neutral,0.13277784
718,2021/4/23,neutral,0.31159216
719,2021/4/12,negative,-0.77625775
720,2021/4/15,negative,-0.9582122
721,2021/4/5,neutral,0.3551526
722,2021/4/28,negative,-0.8815701
723,2021/4/14,neutral,0.03319353
724,2021/4/12,neutral,0.4558948
725,2021/5/6,neutral,-0.045101464
726,2021/6/4,neutral,0.4690014
727,2021/7/1,neutral,0.024944
728,2021/6/29,neutral,0.1515738
729,2021/6/22,positive,0.9095484
730,2021/7/3,neutral,-0.029694322
731,2021/6/24,neutral,0.04951963
732,2021/7/15,neutral,0.06939954
733,2021/7/23,neutral,0.26098728
734,2021/7/28,neutral,0.14124371
735,2021/7/23,negative,-0.88157
736,2021/7/10,positive,0.890612
737,2021/8/3,neutral,0.16081978
738,2021/7/12,positive,0.9006408
739,2021/8/5,neutral,-0.12978932
740,2021/7/7,positive,0.83212376
741,2021/7/20,neutral,-0.13067815
742,2021/8/1,neutral,0.060885005
743,2021/7/8,neutral,0.12383546
744,2021/8/22,positive,0.83666813
745,2021/8/31,neutral,0.10909681
746,2021/8/27,neutral,0.0011860523
747,2021/8/23,neutral,0.05969299
748,2021/8/10,neutral,-0.019557143
749,2021/9/30,neutral,0.09821409
750,2021/9/25,neutral,0.24338457
751,2021/10/3,neutral,0.3423824
752,2021/9/22,positive,0.8389038
753,2021/10/2,neutral,0.12923992
754,2021/9/30,positive,0.8408872
755,2021/9/14,neutral,-0.17897142
756,2021/9/23,neutral,0.28923446
757,2021/10/11,neutral,0.14869368
758,2021/10/21,positive,0.94128364
759,2021/10/25,neutral,0.1310142
760,2021/10/28,positive,0.5419494
761,2021/10/26,positive,0.11425808
762,2021/10/21,neutral,0.13129818
763,2021/10/14,neutral,0.099945426
764,2021/11/5,positive,0.74629116
765,2021/12/2,negative,-0.84159493
766,2021/12/4,neutral,0.040544417
767,2021/11/25,neutral,0.26973635
768,2021/11/18,neutral,0.13297193
769,2021/12/23,positive,0.9223347
770,2021/12/17,positive,0.8973967
771,2021/12/30,positive,0.5181684
772,2021/12/21,neutral,0.10101159
773,2022/1/8,positive,0.9250553
774,2021/7/1,positive,0.55040276
775,2021/7/2,negative,-0.9518909
776,2021/7/6,negative,-0.3526022
777,2021/7/8,positive,0.5370553
778,2021/7/8,positive,0.80165607
779,2021/7/8,neutral,0.22758915
780,2021/7/9,neutral,0.1499571
781,2021/7/13,neutral,0.47357014
782,2021/7/13,positive,0.9213357
783,2021/7/14,positive,0.49023873
784,2021/7/15,neutral,0.0525636
785,2021/7/15,neutral,0.3157999
786,2021/7/16,positive,0.52909493
787,2021/7/16,negative,-0.80237734
788,2021/7/17,neutral,0.2819277
789,2021/7/19,negative,-0.9511605
790,2021/7/20,negative,-0.9675531
791,2021/7/20,negative,-0.91853756
792,2021/7/22,neutral,0.3763032
793,2021/7/25,neutral,-0.4057659
794,2021/7/26,positive,0.7925587
795,2021/7/28,neutral,0.14146549
796,2021/7/30,neutral,0.05103582
797,2021/8/4,neutral,-0.019601591
798,2021/8/5,negative,-0.51390785
799,2021/8/5,neutral,0.11141718
800,2021/8/6,neutral,0.25529703
801,2021/8/6,neutral,0.25529703
802,2021/8/9,neutral,0.04457878
803,2021/8/9,positive,0.54518396
804,2021/8/10,negative,-0.73531985
805,2021/8/10,neutral,0.17636485
806,2021/8/10,neutral,0.0024727436
807,2021/8/16,neutral,-0.3475212
808,2021/8/18,negative,-0.9366127
809,2021/8/18,negative,-0.82971394
810,2021/8/20,neutral,0.09936144
811,2021/8/24,neutral,0.18982387
812,2021/8/27,negative,-0.8623315
813,2021/9/1,neutral,0.18402462
814,2021/9/1,positive,0.6138852
815,2021/9/2,negative,-0.78669345
816,2021/9/3,positive,0.7497956
817,2021/9/3,neutral,-0.00071739405
818,2021/9/5,neutral,0.0138871195
819,2021/9/8,negative,-0.7816052
820,2021/9/14,negative,-0.92448
821,2021/9/17,negative,-0.90627366
822,2021/9/18,neutral,-0.022694608
823,2021/9/20,neutral,0.47062752
824,2021/9/20,positive,0.54925567
825,2021/9/21,neutral,0.06808782
826,2021/9/21,neutral,0.43798
827,2021/9/22,positive,0.53971004
828,2021/4/5,negative,-0.96398205
829,2021/9/22,neutral,0.33720124
830,2021/9/23,neutral,-0.0053287707
831,2021/9/24,neutral,0.34178793
832,2021/9/25,positive,0.76775235
833,2021/9/25,neutral,0.21623881
834,2021/9/26,positive,0.5932321
835,2021/9/26,negative,-0.8025165
836,2021/9/26,neutral,0.26284894
837,2021/9/27,positive,0.82871664
838,2021/9/27,neutral,0.07779421
839,2021/9/27,neutral,0.08523666
840,2021/9/28,neutral,0.37736687
841,2021/9/28,positive,0.60846186
842,2021/9/28,neutral,-0.031168269
843,2021/9/29,positive,0.6857732
844,2021/9/29,neutral,0.12162089
845,2021/9/30,positive,0.8403561
846,2021/9/30,neutral,0.03963665
847,2021/10/1,negative,-0.90406317
848,2021/10/1,neutral,0.03274801
849,2021/10/3,positive,0.8724351
850,2021/10/5,neutral,0.030391185
851,2021/10/6,neutral,0.059199005
852,2021/10/6,negative,-0.8577673
853,2021/10/6,positive,0.5509466
854,2021/10/6,neutral,0.101987995
855,2021/10/7,negative,-0.9280864
856,2021/10/7,negative,-0.9280864
857,2021/10/8,negative,-0.8057614
858,2021/10/8,neutral,0.029945347
859,2021/10/10,neutral,0.1902727
860,2021/10/10,neutral,0.11909124
861,2021/10/11,negative,-0.93670315
862,2021/10/11,neutral,-0.21869975
863,2021/10/11,neutral,0.37392378
864,2021/10/13,negative,-0.9469198
865,2021/10/13,negative,-0.35303164
866,2021/10/14,neutral,0.25852728
867,2021/10/15,neutral,-0.018826198
868,2021/10/15,negative,-0.9476201
869,2021/10/15,neutral,0.12592569
870,2021/10/16,neutral,0.023514723
871,2021/10/16,negative,-0.956769
872,2021/10/17,negative,-0.9338769
873,2021/10/17,neutral,0.4497867
874,2021/10/18,negative,-0.91037923
875,2021/10/18,neutral,0.14600047
876,2021/10/18,negative,-0.8973385
877,2021/10/18,positive,0.84085965
878,2021/10/19,positive,0.67655396
879,2021/10/19,negative,-0.91955805
880,2021/10/19,positive,0.4334396
881,2021/10/19,positive,0.929091
882,2021/10/20,negative,-0.7758292
883,2021/10/20,negative,-0.82287693
884,2021/10/20,positive,0.9041257
885,2021/10/21,positive,0.17455563
886,2021/10/21,negative,-0.9186974
887,2021/10/22,neutral,0.29554972
888,2021/10/23,negative,-0.79588616
889,2021/10/24,negative,-0.6278935
890,2021/10/24,neutral,-0.34919143
891,2021/10/25,positive,0.87742025
892,2021/10/25,neutral,0.022229543
893,2021/10/25,neutral,-0.0023706888
894,2021/10/25,neutral,0.02877323
895,2021/10/26,neutral,0.14508602
896,2021/10/27,positive,0.58637315
897,2021/10/30,negative,-0.9333882
898,2021/10/31,positive,0.5253916
899,2021/11/1,negative,-0.7690133
900,2021/11/1,negative,-0.85085964
901,2021/11/2,neutral,0.44722077
902,2021/11/2,positive,0.9161458
903,2021/11/2,neutral,0.109190665
904,2021/11/3,neutral,0.082459986
905,2021/11/4,neutral,-0.014195338
906,2021/11/4,neutral,-0.003709484
907,2021/11/5,positive,0.6084147
908,2021/11/7,neutral,0.0013939143
909,2021/11/7,neutral,0.0013939143
910,2021/11/8,neutral,0.053239595
911,2021/11/8,neutral,0.018894486
912,2021/11/9,positive,0.7286499
913,2021/11/10,neutral,0.07629648
914,2021/11/10,negative,-0.23066697
915,2021/11/10,negative,-0.13162822
916,2021/11/11,positive,0.82519096
917,2021/11/11,positive,0.80878806
918,2021/11/12,neutral,0.030985065
919,2021/11/16,neutral,0.22581986
920,2021/11/16,neutral,0.06620211
921,2021/11/16,positive,0.5374915
922,2021/11/17,negative,-0.8349222
923,2021/11/17,neutral,0.020850755
924,2021/11/17,neutral,0.22760932
925,2021/11/17,neutral,-0.081621714
926,2021/11/21,positive,0.7556081
927,2021/11/22,positive,0.88730943
928,2021/11/22,negative,-0.9235782
929,2021/11/22,neutral,0.0067614093
930,2021/11/23,neutral,0.105928265
931,2021/11/23,negative,-0.95387644
932,2021/11/24,neutral,0.2123445
933,2021/11/24,neutral,0.0043988787
934,2021/11/25,neutral,-0.16650309
935,2021/11/26,negative,-0.9212366
936,2021/11/27,neutral,0.05377668
937,2021/12/1,neutral,0.068126276
938,2021/12/1,neutral,-0.050994992
939,2021/12/2,positive,0.91754395
940,2021/12/5,negative,-0.72445285
941,2021/12/5,negative,-0.67136675
942,2021/12/6,neutral,0.105950564
943,2021/12/6,positive,0.8940465
944,2021/12/7,negative,-0.37185097
945,2021/12/9,positive,0.9262376
946,2021/12/13,neutral,0.118753776
947,2021/12/14,negative,-0.96197724
948,2021/12/20,positive,0.85832715
949,2021/12/22,negative,-0.68107617
950,2021/12/24,neutral,0.011472919
951,2021/12/28,negative,-0.9339571
952,2022/1/2,positive,0.7951301
953,2022/1/3,positive,0.9385365
954,2022/1/4,neutral,-0.002116166
955,2022/1/4,positive,0.90986073
956,2022/1/6,positive,0.06994323
957,2022/1/6,neutral,0.056627262
